{
  "mae": 248.84423673608353,
  "mse": 181607.459475783,
  "rmse": 426.154267227002,
  "r2": 0.9545745785839994,
  "mape": 48.35415653055155
}