{
  "mae": 257.85992431640625,
  "mse": 188732.515625,
  "rmse": 434.4335572040908,
  "r2": 0.9527924060821533,
  "mape": 45.80631463107841
}